experiment,n,algorithm,mean_time,std_time,relative_error
Exp3,100,Quick Sort,0.00028133998857811094,5.844751694786986e-05,0.20774692301390546
Exp3,100,Quick Sort 3-Way,0.0001395900151692331,5.2727668454624313e-05,0.3777323785709135
Exp3,100,Counting Sort,0.022154089959803967,0.006642882699136766,0.29984904418053315
Exp3,100,Merge Sort,9.2889997176826e-05,4.927431521043559e-06,0.05304587868232645
Exp3,100,Sort,-1.8550001550465828e-05,1.2650561643821622e-06,0.0
Exp3,107,Quick Sort,9.068001527339222e-05,3.907383138140173e-06,0.04308979355991238
Exp3,107,Quick Sort 3-Way,0.00011890000896528364,7.205868328484595e-06,0.06060443889948369
Exp3,107,Counting Sort,0.018309090007096532,0.0025723001475031265,0.14049306363703018
Exp3,107,Merge Sort,0.0001269300002604723,4.418629008679804e-06,0.034811541791636036
Exp3,107,Sort,9.860005229711535e-06,4.685083845748371e-06,0.4751603814195379
Exp3,114,Quick Sort,0.00010297001572325825,2.4411229742289717e-05,0.23707124419498224
Exp3,114,Quick Sort 3-Way,0.00013090999564155937,3.135770593376239e-05,0.23953637596644614
Exp3,114,Counting Sort,0.018266740022227165,0.003463289766544653,0.18959539372271597
Exp3,114,Merge Sort,0.00012189002009108663,7.849874426701166e-06,0.06440128913618252
Exp3,114,Sort,-9.399955160915879e-07,3.3902727318632793e-06,0.0
Exp3,123,Quick Sort,9.060002630576492e-05,1.4328403034718711e-05,0.15815009795209065
Exp3,123,Quick Sort 3-Way,0.00012256002519279717,6.9201461943789275e-06,0.05646332222511344
Exp3,123,Counting Sort,0.017008630000054835,0.0030427510141275557,0.17889453848533046
Exp3,123,Merge Sort,0.00023366000968962907,0.00013209588755178078,0.565333741649861
Exp3,123,Sort,6.216001929715276e-05,1.1235558659105213e-06,0.01807521745672923
Exp3,132,Quick Sort,0.00022599998628720642,1.0526595827886173e-06,0.0046577860471675924
Exp3,132,Quick Sort 3-Way,0.00016088000265881419,5.436645627625687e-05,0.3379317216419643
Exp3,132,Counting Sort,0.017050670005846768,0.002697752508929094,0.15821973611617726
Exp3,132,Merge Sort,0.00011093999492004514,4.031906342606121e-05,0.36343127160875843
Exp3,132,Sort,-5.592000670731068e-05,6.888321759300374e-07,0.0
Exp3,141,Quick Sort,0.00027662999927997585,8.864927777852273e-05,0.32046154794947324
Exp3,141,Quick Sort 3-Way,0.00018791001057252287,7.439116752048822e-05,0.39588719778064907
Exp3,141,Counting Sort,0.01670220999512822,0.0026680634467951543,0.1597431386369461
Exp3,141,Merge Sort,0.00017445003613829612,7.734502848426388e-06,0.044336493242654436
Exp3,141,Sort,1.334002008661628e-05,1.3492693298507582e-06,0.10114447512747357
Exp3,151,Quick Sort,0.00013505996903404594,6.8941044860853785e-06,0.051044765783616546
Exp3,151,Quick Sort 3-Way,0.00017616997938603164,1.8148399282601932e-05,0.1030164125911279
Exp3,151,Counting Sort,0.017952069989405572,0.003056938103984206,0.17028332141019173
Exp3,151,Merge Sort,0.00043597997864708304,3.8766810478040056e-05,0.08891878612944519
Exp3,151,Sort,8.709997637197375e-05,1.0178837735768378e-06,0.011686384037922234
Exp3,162,Quick Sort,0.00014566000318154692,0.00010216716215747965,0.7014084850055997
Exp3,162,Quick Sort 3-Way,0.00012539001181721687,4.150993987963393e-05,0.3310466222791626
Exp3,162,Counting Sort,0.01885914000449702,0.003051319912246202,0.1617952839587916
Exp3,162,Merge Sort,0.00013299001147970557,9.380565202158332e-06,0.07053586278988942
Exp3,162,Sort,-6.438001291826367e-05,4.5527303978735405e-06,0.0
Exp3,174,Quick Sort,0.0001713800127618015,5.956675573872405e-06,0.03475711944397798
Exp3,174,Quick Sort 3-Way,0.00022105999523773788,1.4785449513114699e-05,0.06688432928451736
Exp3,174,Counting Sort,0.018781419994775207,0.0032278715389641366,0.17186514863424046
Exp3,174,Merge Sort,0.00022508999099954958,1.0608531409670761e-05,0.047130178301406526
Exp3,174,Sort,1.8630002159625292e-05,1.1972412487391181e-05,0.6426414975591169
Exp3,187,Quick Sort,0.00018897000700235367,1.008732659096076e-05,0.05338056949341766
Exp3,187,Quick Sort 3-Way,0.00022711000638082625,1.677316868881542e-05,0.07385482020853615
Exp3,187,Counting Sort,0.018959810002706946,0.0036652864129862435,0.19331873117203918
Exp3,187,Merge Sort,0.00033232002751901744,0.0001958197823595685,0.5892506203176769
Exp3,187,Sort,1.4780007768422366e-05,1.5166196056776273e-06,0.10261290991456042
Exp3,200,Quick Sort,0.00018971998943015934,8.560543129523682e-06,0.045121988227155324
Exp3,200,Quick Sort 3-Way,0.00025929000694304707,4.261767673483888e-05,0.16436297425145208
Exp3,200,Counting Sort,0.016399749985430388,0.0016442129632933604,0.10025841642428004
Exp3,200,Merge Sort,0.00024290999863296747,3.3216405495972813e-05,0.1367436733065986
Exp3,200,Sort,6.919994484633208e-06,1.0270741815024554e-06,0.14842124278902444
Exp3,215,Quick Sort,0.0001883599907159805,3.5660966390809673e-06,0.018932346649231487
Exp3,215,Quick Sort 3-Way,0.0002640599734149873,6.699585375717041e-05,0.2537145364772195
Exp3,215,Counting Sort,0.01706008999608457,0.0029289571252191387,0.17168474057823602
Exp3,215,Merge Sort,0.00026164998998865483,6.890090996135168e-06,0.026333236230713875
Exp3,215,Sort,1.992997713387012e-05,1.1499444232790811e-06,0.057699234452447075
Exp3,231,Quick Sort,0.0002110400004312396,5.712274680176362e-06,0.02706726055962797
Exp3,231,Quick Sort 3-Way,0.000419879995752126,0.00019480555246487725,0.46395530731566387
Exp3,231,Counting Sort,0.01931263000005856,0.005667972420738627,0.293485269521626
Exp3,231,Merge Sort,0.0003002299927175045,8.425087257628711e-06,0.028062110588518485
Exp3,231,Sort,2.9899983201175927e-05,6.281887801581482e-06,0.21009670003207306
Exp3,247,Quick Sort,0.0005046300124377013,9.578767202093923e-06,0.01898176280840304
Exp3,247,Quick Sort 3-Way,0.0002915100194513798,0.00015442768627008072,0.5297508694922829
Exp3,247,Counting Sort,0.019022720016073434,0.002593044382525412,0.13631301834513643
Exp3,247,Merge Sort,0.00021751000313088297,1.4764318615611306e-05,0.06787880282787329
Exp3,247,Sort,-8.389998693019152e-05,2.9982577012222813e-06,0.0
Exp3,265,Quick Sort,0.0002512899460271001,1.092967245823887e-05,0.043494268796015305
Exp3,265,Quick Sort 3-Way,0.00033992994576692587,3.465018899632841e-05,0.10193332310912799
Exp3,265,Counting Sort,0.019906749972142278,0.003535488907704561,0.17760251736984503
Exp3,265,Merge Sort,0.0003715899423696101,1.1236448366409906e-05,0.030238838798369107
Exp3,265,Sort,3.1709962058812393e-05,4.080703310634233e-06,0.12868836938580255
Exp3,284,Quick Sort,0.0002842099987901747,3.7071336825393517e-06,0.013043642723056475
Exp3,284,Quick Sort 3-Way,0.0006109600188210606,0.00025308002324602087,0.41423336298564495
Exp3,284,Counting Sort,0.01870389999821782,0.003498083647184062,0.18702429159252204
Exp3,284,Merge Sort,0.00034237002255395056,1.3867722999201088e-05,0.0405050737087118
Exp3,284,Sort,1.114999176934362e-05,1.2090509549222155e-05,1.0843514326588515
Exp3,305,Quick Sort,0.00026735999854281544,1.468933210364916e-05,0.05494214610902905
Exp3,305,Quick Sort 3-Way,0.00036573999095708133,1.2169291763329715e-05,0.033273068475461715
Exp3,305,Counting Sort,0.01776465999428183,0.002287409324740872,0.12876178465994587
Exp3,305,Merge Sort,0.0004035099875181913,3.1408677515940186e-06,0.007783866196006907
Exp3,305,Sort,1.9259972032159573e-05,7.514696220428529e-06,0.39017170990076067
Exp3,327,Quick Sort,0.0004509699996560812,0.00022444081097697138,0.497684571364247
Exp3,327,Quick Sort 3-Way,0.000590150011703372,0.0002728853686933905,0.4624000055608764
Exp3,327,Counting Sort,0.018130190041847526,0.0037468011663017754,0.2066608875943125
Exp3,327,Merge Sort,0.00040000000735744833,8.617351119031002e-06,0.021543377401316788
Exp3,327,Sort,2.634000265970826e-05,2.9115959960627623e-05,1.1053894085274973
Exp3,351,Quick Sort,0.00036756000481545924,5.794680383187376e-05,0.15765263650207834
Exp3,351,Quick Sort 3-Way,0.00041435000021010636,1.0961419021889544e-05,0.026454492618152012
Exp3,351,Counting Sort,0.016173690010327847,0.002201583261488585,0.13612127226889753
Exp3,351,Merge Sort,0.00047170999459922325,4.402716887376564e-05,0.09333524703281354
Exp3,351,Sort,2.92000244371593e-05,1.054523241220648e-06,0.03611377940761876
Exp3,376,Quick Sort,0.0006886500050313771,0.00030420922901858627,0.4417472254352565
Exp3,376,Quick Sort 3-Way,0.0004826999967917801,6.900517120654443e-05,0.14295664318454687
Exp3,376,Counting Sort,0.01774274999042973,0.0030497947136829797,0.17188962902188273
Exp3,376,Merge Sort,0.0005315100075677039,6.188670280248366e-06,0.01164356304139777
Exp3,376,Sort,5.64900110475719e-05,1.4855004351486086e-05,0.2629669223993646
Exp3,403,Quick Sort,0.0005978399887681008,0.0002779016514729205,0.4648428621269716
Exp3,403,Quick Sort 3-Way,0.0005282899946905673,1.6338293064341216e-05,0.030926750891640424
Exp3,403,Counting Sort,0.018003729986958206,0.0031691557409792505,0.17602773110210873
Exp3,403,Merge Sort,0.0005990299978293478,8.216857419764656e-05,0.13716938132546547
Exp3,403,Sort,3.3680011983960864e-05,4.272809847657431e-06,0.12686485532404898
Exp3,432,Quick Sort,0.00045767000410705804,1.1853564346782937e-05,0.025899806062033626
Exp3,432,Quick Sort 3-Way,0.000580179993994534,0.00011070801857378713,0.19081667709974523
Exp3,432,Counting Sort,0.01817098001483828,0.002722614047133639,0.14983308797381173
Exp3,432,Merge Sort,0.0007825199863873422,0.00030604865863407464,0.3911065071283465
Exp3,432,Sort,7.168997544795274e-05,7.833261046352058e-05,1.0926577945390763
Exp3,464,Quick Sort,0.0005096299923025071,0.0003882285062577479,0.7617850442901377
Exp3,464,Quick Sort 3-Way,0.0004097700002603233,8.178946963133036e-05,0.19959848104880842
Exp3,464,Counting Sort,0.019453189999330787,0.002549495933986336,0.1310579876140644
Exp3,464,Merge Sort,0.00043918000301346183,1.5506336555469695e-05,0.035307474040420714
Exp3,464,Sort,-9.527000365778804e-05,0.0001163574347350889,0.0
Exp3,497,Quick Sort,0.0002441299962811172,2.5819368261640754e-05,0.10576073671794757
Exp3,497,Quick Sort 3-Way,0.0006206499878317117,0.0003602512911606286,0.5804419531517178
Exp3,497,Counting Sort,0.01694710999727249,0.0021342621201662754,0.12593664173477184
Exp3,497,Merge Sort,0.0008026899886317551,0.00042421990378120877,0.5284978133392734
Exp3,497,Sort,-0.00023986001033335925,4.007681223563022e-05,0.0
Exp3,533,Quick Sort,0.0003119199885986745,6.647725442775612e-05,0.21312277782007655
Exp3,533,Quick Sort 3-Way,0.000483300001360476,5.996361035952651e-05,0.12407119840829842
Exp3,533,Counting Sort,0.016230020008515568,0.0009760305160986794,0.06013735753785736
Exp3,533,Merge Sort,0.0006235099979676306,0.0002475026925565631,0.3969506397063615
Exp3,533,Sort,-0.00012203998630866408,9.221007699861946e-05,0.0
Exp3,572,Quick Sort,0.0005612800363451242,4.0582603656872744e-05,0.07230366488915882
Exp3,572,Quick Sort 3-Way,0.001050159998703748,0.0004477526475966891,0.4263661233996411
Exp3,572,Counting Sort,0.018115730013232675,0.003364322200894032,0.18571275893582845
Exp3,572,Merge Sort,0.0009667600272223352,0.0003744380410045437,0.3873122910143145
Exp3,572,Sort,0.0002558400155976415,0.00010652586987362768,0.4163768893805903
Exp3,613,Quick Sort,0.0010578500106930733,0.0005172260836552019,0.4889408502405081
Exp3,613,Quick Sort 3-Way,0.001155950000975281,0.0004526261756495159,0.3915620703902702
Exp3,613,Counting Sort,0.019142590067349374,0.003994569475110369,0.20867445110908586
Exp3,613,Merge Sort,0.0008984400192275643,3.335387894134743e-05,0.03712421333371091
Exp3,613,Sort,0.00016936000902205705,0.0001272719375446065,0.7514875458469709
Exp3,657,Quick Sort,0.0003657900262624025,6.405808567849888e-05,0.17512255960895523
Exp3,657,Quick Sort 3-Way,0.0005500799976289273,6.142332936733462e-05,0.11166253932536108
Exp3,657,Counting Sort,0.020558880001772195,0.006680236349022723,0.3249319198539454
Exp3,657,Merge Sort,0.001307039987295866,0.0004759535614424015,0.3641461363604502
Exp3,657,Sort,-0.00026795999146997926,2.192501234028787e-05,0.0
Exp3,705,Quick Sort,0.0007476900238543749,5.234863001144827e-05,0.07001381366784698
Exp3,705,Quick Sort 3-Way,0.0009246699977666138,4.7016197281745775e-05,0.050846461327074044
Exp3,705,Counting Sort,0.021008360001724215,0.01130422732219496,0.5380823310942496
Exp3,705,Merge Sort,0.0015827700030058623,0.0007430713486324438,0.4694752536510458
Exp3,705,Sort,0.0001005300204269588,4.975949584323235e-05,0.4949715083305455
Exp3,756,Quick Sort,0.0007662099902518094,0.00012808258014728507,0.16716380858619664
Exp3,756,Quick Sort 3-Way,0.0015495299827307462,0.000961889039913846,0.6207618120552292
Exp3,756,Counting Sort,0.021505190001334995,0.0035788512979012675,0.16641802735428518
Exp3,756,Merge Sort,0.0011258099926635622,0.0005187377596810431,0.4607684805264142
Exp3,756,Sort,-0.00012648998526856303,6.055480033258145e-05,0.0
Exp3,811,Quick Sort,0.00100119998678565,0.0003109819877475823,0.3106092607391947
Exp3,811,Quick Sort 3-Way,0.0012387999799102543,0.0003272136532212011,0.2641375997155782
Exp3,811,Counting Sort,0.020093149971216914,0.004121898484738363,0.20513948736972104
Exp3,811,Merge Sort,0.0013670999906025827,0.0006655003880216518,0.48679715645986965
Exp3,811,Sort,8.951999479904767e-05,0.00016996064281344102,1.8985774428937867
Exp3,869,Quick Sort,0.0011540999985300004,0.00048192721188633063,0.41757838358909166
Exp3,869,Quick Sort 3-Way,0.0014154999982565642,0.000456473369636659,0.3224820700804562
Exp3,869,Counting Sort,0.01839022999629378,0.0023319613211207194,0.12680435870517576
Exp3,869,Merge Sort,0.0017019600141793489,0.0005816590330634176,0.3417583422744993
Exp3,869,Sort,1.6429997049272017e-05,4.335007204948463e-06,0.26384710794214894
Exp3,932,Quick Sort,0.0013634099857881665,0.0005217813949679537,0.38270322236661614
Exp3,932,Quick Sort 3-Way,0.001379830006044358,0.0003512679329513823,0.25457333976841345
Exp3,932,Counting Sort,0.017397829995024948,0.0006371843435864929,0.03662435739219782
Exp3,932,Merge Sort,0.0013235799968242645,0.00023305488488428947,0.1760791833085045
Exp3,932,Sort,-8.772999281063678e-05,1.3483651686567492e-05,0.0
Exp3,1000,Quick Sort,0.0013617499847896398,0.0006627973076619069,0.4867246668369116
Exp3,1000,Quick Sort 3-Way,0.0013325100066140293,9.828729995078692e-05,0.0737610220282995
Exp3,1000,Counting Sort,0.01625699998112395,0.0021693804861177084,0.1334428546863863
Exp3,1000,Merge Sort,0.0019396599964238703,0.000898412810337583,0.46318056360082527
Exp3,1000,Sort,0.00011037997901439662,4.427367190816935e-05,0.40110237656771824
Exp3,1072,Quick Sort,0.001162599981762469,0.00012451294058879266,0.10709869477206987
Exp3,1072,Quick Sort 3-Way,0.0020332499989308417,0.0013190019829557535,0.6487160868802822
Exp3,1072,Counting Sort,0.024853589979466052,0.00723096799469745,0.29094259624753005
Exp3,1072,Merge Sort,0.0019563999958336358,0.00040620130759024865,0.20762692110779904
Exp3,1072,Sort,0.0001264499849639833,4.1740346200394466e-05,0.33009372213277327
Exp3,1149,Quick Sort,0.0014280499774031342,0.00019776864063135484,0.13848859897115867
Exp3,1149,Quick Sort 3-Way,0.0017274399986490607,6.649695533746236e-05,0.038494509441408156
Exp3,1149,Counting Sort,0.018955790007021276,0.0034956833918042157,0.18441243496100163
Exp3,1149,Merge Sort,0.002160899981390685,0.0007709345482444543,0.3567654934904974
Exp3,1149,Sort,9.703999385237689e-05,0.00012782108730658397,1.317200076300841
Exp3,1232,Quick Sort,0.001427120005246252,8.203441785304742e-05,0.05748249450044829
Exp3,1232,Quick Sort 3-Way,0.0020556499948725104,0.0005985277818281082,0.2911623006450708
Exp3,1232,Counting Sort,0.0207548699923791,0.004529628104138324,0.21824410877069045
Exp3,1232,Merge Sort,0.0020866299862973394,0.0004835533144910624,0.2317388888621853
Exp3,1232,Sort,0.00028806000482290984,0.0002566562599849317,0.8909819332354585
Exp3,1321,Quick Sort,0.0017806000076234345,0.0004114013076188585,0.23104644830814952
Exp3,1321,Quick Sort 3-Way,0.0019130000029690566,0.0001418769539461951,0.0741646386440126
Exp3,1321,Counting Sort,0.01895625003380701,0.0039925326734409645,0.21061827451740667
Exp3,1321,Merge Sort,0.0020367600023746494,0.0003290837087800247,0.1615721579353225
Exp3,1321,Sort,9.625001111999152e-05,5.66780230147645e-06,0.05888625087440873
Exp3,1417,Quick Sort,0.002987220010254532,0.001939901372503364,0.6494002336098675
Exp3,1417,Quick Sort 3-Way,0.0031774599687196315,0.0011365965524221795,0.35770601789207596
Exp3,1417,Counting Sort,0.01647849000291899,0.002263178287543993,0.13734136362877272
Exp3,1417,Merge Sort,0.0021843000082299112,0.000337371193240089,0.15445277295653362
Exp3,1417,Sort,8.402998792007569e-05,9.320267522499257e-06,0.1109159688486941
Exp3,1519,Quick Sort,0.0017819899832829833,5.9248137077358165e-05,0.03324829972848924
Exp3,1519,Quick Sort 3-Way,0.002409929991699755,0.0006778051778753113,0.28125513197885327
Exp3,1519,Counting Sort,0.020880690007470545,0.0013619845654522054,0.06522699034203008
Exp3,1519,Merge Sort,0.0031482799677178264,0.000454461092607771,0.14435218508765843
Exp3,1519,Sort,0.000427549984306097,0.00030747440323051193,0.719154284918371
Exp3,1629,Quick Sort,0.002614259987603873,0.0006176642099415392,0.23626732339948547
Exp3,1629,Quick Sort 3-Way,0.002874840039294213,0.0004752823475479091,0.1653247975719001
Exp3,1629,Counting Sort,0.020438800007104872,0.003410070070210583,0.1668429687175952
Exp3,1629,Merge Sort,0.0029677300131879746,0.0009272513385078244,0.3124446409839549
Exp3,1629,Sort,0.0003978100139647722,0.0005886855097527084,1.4798157137513361
Exp3,1747,Quick Sort,0.0025583500275388363,0.0004861501668830376,0.190024883870453
Exp3,1747,Quick Sort 3-Way,0.0028991699917241933,0.000510386838658723,0.17604584764454806
Exp3,1747,Counting Sort,0.01862106998451054,0.0027172361170795184,0.14592266284052322
Exp3,1747,Merge Sort,0.002874850027728826,0.0002883944261927051,0.10031633769102763
Exp3,1747,Sort,0.00011951999040320516,1.2358576252937021e-05,0.10340175071337357
Exp3,1873,Quick Sort,0.0027056299964897334,0.001071605717320529,0.3960651377722834
Exp3,1873,Quick Sort 3-Way,0.005512240005191416,0.0032650574343171214,0.5923286052933285
Exp3,1873,Counting Sort,0.01964597002370283,0.003579286954638838,0.18218937269681437
Exp3,1873,Merge Sort,0.0037957499967887997,0.0008075271411135595,0.21274508115569427
Exp3,1873,Sort,0.00035670000361278655,0.00021419756971049185,0.6004978063947896
Exp3,2009,Quick Sort,0.0023606600007042293,0.00017613909120616004,0.07461434139334527
Exp3,2009,Quick Sort 3-Way,0.002884810010436923,0.0001500652234353527,0.052019101047359566
Exp3,2009,Counting Sort,0.016651950008235872,0.0013271944175149125,0.07970204191452032
Exp3,2009,Merge Sort,0.003934559994377196,0.0013598665038054001,0.3456209857642937
Exp3,2009,Sort,0.0003118399996310473,0.00034028053843009645,1.0912023436143485
Exp3,2154,Quick Sort,0.003242169984150678,0.0013800386430175174,0.4256527726071814
Exp3,2154,Quick Sort 3-Way,0.0035754799959249795,0.000919507397977218,0.25717033769597153
Exp3,2154,Counting Sort,0.017170989979058505,0.0017427382640737617,0.1014931734395734
Exp3,2154,Merge Sort,0.004222609999123961,0.0008928202236844506,0.21143800253153347
Exp3,2154,Sort,0.00016471000853925943,4.3433207458572953e-05,0.2636950106660971
Exp3,2310,Quick Sort,0.0028722999850288033,0.0005342211350049148,0.18599071747011747
Exp3,2310,Quick Sort 3-Way,0.0035007299855351454,0.00041526387749204194,0.11862208145383765
Exp3,2310,Counting Sort,0.018285999982617793,0.0033804621283790035,0.1848661342881103
Exp3,2310,Merge Sort,0.004722769989166408,0.0014333510358980072,0.30349795547654873
Exp3,2310,Sort,0.00028075998416170477,0.00014610736716878325,0.5203995419968116
Exp3,2477,Quick Sort,0.0069244900136254724,0.0025813865062199242,0.37279084829936543
Exp3,2477,Quick Sort 3-Way,0.003754680010024458,0.00045205825049362137,0.12039860901240333
Exp3,2477,Counting Sort,0.01857662001857534,0.0027652835341664436,0.1488582708480526
Exp3,2477,Merge Sort,0.00428649001987651,0.0007666446579497631,0.1788513805922379
Exp3,2477,Sort,0.00028237999649718395,0.0003338391824923026,1.1822338219188688
Exp3,2656,Quick Sort,0.004227740003261715,0.001236412808704852,0.2924524232216162
Exp3,2656,Quick Sort 3-Way,0.004946519993245602,0.0009508211590594981,0.19222021953976332
Exp3,2656,Counting Sort,0.019972439995035528,0.0036621559914027995,0.1833604703437881
Exp3,2656,Merge Sort,0.005747249978594482,0.0017406989867488909,0.30287511300745396
Exp3,2656,Sort,0.000314659986179322,4.2135582485334105e-05,0.13390829573519844
Exp3,2848,Quick Sort,0.003951560007408261,0.001217212600909416,0.30803343454924736
Exp3,2848,Quick Sort 3-Way,0.0046354099875316026,0.0007622238548840509,0.16443504607667767
Exp3,2848,Counting Sort,0.01771296003134921,0.0020019179518229267,0.1130199553479396
Exp3,2848,Merge Sort,0.005910620000213385,0.0015116188034164008,0.255746233620471
Exp3,2848,Sort,3.840064164251002e-06,0.00020691349686369453,53.88282278977301
Exp3,3053,Quick Sort,0.004144309996627271,0.00011924502147923248,0.02877319060984257
Exp3,3053,Quick Sort 3-Way,0.005202250019647181,0.0013350735204840534,0.2566338633172034
Exp3,3053,Counting Sort,0.01957298001507297,0.0044205091347232555,0.22584752711743752
Exp3,3053,Merge Sort,0.006349900015629828,0.0017924864908752704,0.2822857818962806
Exp3,3053,Sort,0.0009257299941964447,0.0007294667935706757,0.7879908808657214
Exp3,3274,Quick Sort,0.003768920002039522,7.867682870199798e-05,0.02087516547430633
Exp3,3274,Quick Sort 3-Way,0.005014150007627905,0.0009529241089062915,0.1900469885138321
Exp3,3274,Counting Sort,0.01652608000440523,0.001716540056722576,0.10386855541453333
Exp3,3274,Merge Sort,0.005076580017339438,0.00011661983460249209,0.022972125762652878
Exp3,3274,Sort,-0.00020056000212207445,4.480455339900769e-05,0.0
Exp3,3511,Quick Sort,0.004597640002612024,0.0012337052148492296,0.26833445292548647
Exp3,3511,Quick Sort 3-Way,0.005912940006237477,0.0012455600076609796,0.21064986391660595
Exp3,3511,Counting Sort,0.022232009971048683,0.008616854171088605,0.38758772519038004
Exp3,3511,Merge Sort,0.005824759975075722,0.0006103766311652603,0.10479000573020614
Exp3,3511,Sort,5.6069996207952585e-05,9.477370540864691e-05,1.6902748674558472
Exp3,3764,Quick Sort,0.005496679979842156,0.0011182703509035117,0.20344468934056886
Exp3,3764,Quick Sort 3-Way,0.00630636002169922,0.0008644578639131599,0.13707715083482272
Exp3,3764,Counting Sort,0.024620099982712418,0.006513898216756542,0.2645764323187326
Exp3,3764,Merge Sort,0.006839910021517426,0.0007716261747020353,0.11281232827253639
Exp3,3764,Sort,0.00022014003479853272,0.00011569606527038768,0.5255566774860836
Exp3,4037,Quick Sort,0.005379389971494674,0.000768323821012647,0.14282731407910304
Exp3,4037,Quick Sort 3-Way,0.007412419992033392,0.0010768496573328068,0.14527639535943282
Exp3,4037,Counting Sort,0.017131789983250205,0.0022759139239394506,0.13284740976655782
Exp3,4037,Merge Sort,0.0067163099884055555,0.001105328401019946,0.16457376192106787
Exp3,4037,Sort,0.0005918399780057369,0.0008612665656911209,1.4552355327418798
Exp3,4328,Quick Sort,0.0067596399807371196,0.0018641313712468735,0.27577376554950717
Exp3,4328,Quick Sort 3-Way,0.008167519979178906,0.001805827924799993,0.22109868471745517
Exp3,4328,Counting Sort,0.01739965999731794,0.0009576691107342078,0.05503953013345244
Exp3,4328,Merge Sort,0.008243299985770136,0.0006060736682891489,0.07352318480892044
Exp3,4328,Sort,0.0006966599961742759,5.766514677279828e-05,0.08277373049904937
Exp3,4641,Quick Sort,0.007048240012954919,0.0009515387261592377,0.13500373489130268
Exp3,4641,Quick Sort 3-Way,0.008479950006585567,0.0011443050331944255,0.1349424268192328
Exp3,4641,Counting Sort,0.02162361000664532,0.0037170063861469566,0.1718957373447197
Exp3,4641,Merge Sort,0.01004011003533378,0.0022710431005596,0.22619703295752772
Exp3,4641,Sort,0.0007664100034162402,8.485337722515977e-05,0.11071538321124388
Exp3,4977,Quick Sort,0.007650680013466628,0.0013823192561331283,0.180679266901764
Exp3,4977,Quick Sort 3-Way,0.008685259998310359,0.0012436689200175538,0.14319305585088973
Exp3,4977,Counting Sort,0.017791500012390316,0.002826370496938029,0.15886071972400834
Exp3,4977,Merge Sort,0.00901166000403464,0.000987872226244589,0.10962155982386212
Exp3,4977,Sort,0.0009586300235241652,0.0010414926025808858,1.086438539398231
Exp3,5336,Quick Sort,0.007420290005393328,0.0009343149827494335,0.1259135400463244
Exp3,5336,Quick Sort 3-Way,0.009370799991302194,0.001213010663595516,0.12944579595353764
Exp3,5336,Counting Sort,0.01871501998975873,0.0030697999023606964,0.1640286734420032
Exp3,5336,Merge Sort,0.008821939991321416,0.0005908314519736504,0.06697296201911154
Exp3,5336,Sort,4.4590001925825986e-05,0.00010425437473723904,2.3380661635911744
Exp3,5722,Quick Sort,0.007896129973232746,0.0008572793409500687,0.10856955798045088
Exp3,5722,Quick Sort 3-Way,0.008953309978824108,0.0010043754981813903,0.11217923880183817
Exp3,5722,Counting Sort,0.016756059997715053,0.001814593883067334,0.10829478310025041
Exp3,5722,Merge Sort,0.010348639986477792,0.0008936962817612414,0.08635881458133661
Exp3,5722,Sort,-0.00018276001792401057,0.00023601799703318958,0.0
Exp3,6135,Quick Sort,0.008137689996510744,0.001652405707118737,0.20305586816741003
Exp3,6135,Quick Sort 3-Way,0.010518560011405498,0.0021012496865696127,0.19976590752832926
Exp3,6135,Counting Sort,0.02240372000960633,0.005197678416640742,0.23200068624371606
Exp3,6135,Merge Sort,0.018141740013379603,0.009032823155804412,0.49790280034564877
Exp3,6135,Sort,0.006205740023870021,0.0036034789474458607,0.5806686927884969
Exp3,6579,Quick Sort,0.010756060003768653,0.004378863260983094,0.4071066226340175
Exp3,6579,Quick Sort 3-Way,0.008557920006569474,0.0006931538367956847,0.08099559662436505
Exp3,6579,Counting Sort,0.016858699987642466,0.0018992426859082948,0.11265653266861927
Exp3,6579,Merge Sort,0.009594339993782341,0.0012297462501782575,0.12817413714494177
Exp3,6579,Sort,-0.0017742199706844985,0.0006917199014864227,0.0
Exp3,7054,Quick Sort,0.010259999986737964,0.0009609518649726648,0.09366002594686038
Exp3,7054,Quick Sort 3-Way,0.011424300004728136,0.0009249714693935396,0.08096526430597277
Exp3,7054,Counting Sort,0.020625269995070993,0.002663534130774321,0.12913935824407874
Exp3,7054,Merge Sort,0.013460909994319082,0.001709674015549067,0.12701028506026726
Exp3,7054,Sort,0.0009084000019356605,0.0011981319570095272,1.3189475500401724
Exp3,7564,Quick Sort,0.010859949956648051,0.0007987212187377914,0.07354741245827237
Exp3,7564,Quick Sort 3-Way,0.012636239966377616,0.00035864228331861976,0.028382041198401712
Exp3,7564,Counting Sort,0.018797289964277295,0.0022174082245003026,0.11796425062944205
Exp3,7564,Merge Sort,0.012590299965813756,0.000554845830274834,0.04406930984816868
Exp3,7564,Sort,2.027997979894298e-05,0.00021984904250834574,10.84069336793938
Exp3,8111,Quick Sort,0.011635869985911994,0.0014529071738618854,0.12486450739145223
Exp3,8111,Quick Sort 3-Way,0.015537779987789688,0.001448600527468743,0.09323085592710932
Exp3,8111,Counting Sort,0.01890101000899449,0.001754159898377463,0.09280773342497067
Exp3,8111,Merge Sort,0.015990389988292004,0.0009683795023930602,0.06056009284964892
Exp3,8111,Sort,0.0018817099859006702,0.0012781408013214127,0.679244310174417
Exp3,8697,Quick Sort,0.012821059988345951,0.000862133167140606,0.06724351714478095
Exp3,8697,Quick Sort 3-Way,0.015600909991189838,0.0010681907598962847,0.06846977262861682
Exp3,8697,Counting Sort,0.020622320019174366,0.0027529033616102887,0.13349144805485874
Exp3,8697,Merge Sort,0.018165999988559632,0.0026389392505683333,0.1452680420692642
Exp3,8697,Sort,0.000596969993785024,0.0001526634916508672,0.2557305949046463
Exp3,9326,Quick Sort,0.013464340008795261,0.002640673317393959,0.19612348735021556
Exp3,9326,Quick Sort 3-Way,0.015904419997241348,0.0014359451567480936,0.09028591781386312
Exp3,9326,Counting Sort,0.02252111000707373,0.002981767562774254,0.13239878326768534
Exp3,9326,Merge Sort,0.019176909991074353,0.0016463980116209918,0.08585314382699229
Exp3,9326,Sort,0.000997809984255582,0.0011746602531310449,1.1772384238141316
Exp3,10000,Quick Sort,0.01353341997601092,0.0009457459977430398,0.06988226179483464
Exp3,10000,Quick Sort 3-Way,0.016726500017102807,0.0017697859201559944,0.1058073068691234
Exp3,10000,Counting Sort,0.018627469963394105,0.0027871970843685776,0.14962832257122713
Exp3,10000,Merge Sort,0.017742529953829946,0.001147212006023529,0.06465887384768873
Exp3,10000,Sort,0.0003824399551376697,0.0006720867690009004,1.7573654634463192
Exp3,10722,Quick Sort,0.01638355996692553,0.0008311280226401654,0.05072939118958353
Exp3,10722,Quick Sort 3-Way,0.01932746999664232,0.0013894331374468896,0.07188903346833651
Exp3,10722,Counting Sort,0.019535360008012502,0.002236922861038735,0.11450635463698915
Exp3,10722,Merge Sort,0.021573329996317624,0.001438240821345119,0.0666675391138324
Exp3,10722,Sort,0.0014532499830238524,0.0012153279612247454,0.8362827974688496
Exp3,11497,Quick Sort,0.017991900013294072,0.0017536569346945773,0.09746924634968036
Exp3,11497,Quick Sort 3-Way,0.02003867996390909,0.0014333249144793268,0.07152791087341252
Exp3,11497,Counting Sort,0.018940599996130916,0.0021720102598980157,0.1146748392522783
Exp3,11497,Merge Sort,0.022987099993042652,0.0022406864864010115,0.09747582283451087
Exp3,11497,Sort,0.0015758099849335848,0.0019011492332474326,1.2064584254601989
Exp3,12328,Quick Sort,0.01964648999273777,0.0037834140457565545,0.19257455388494715
Exp3,12328,Quick Sort 3-Way,0.021045450004749,0.0010350559312907088,0.049181933912420206
Exp3,12328,Counting Sort,0.02407444001873955,0.0038349122214872155,0.15929393242385362
Exp3,12328,Merge Sort,0.026116940018255264,0.004377372156834519,0.16760662442747185
Exp3,12328,Sort,0.002348390023689717,0.002243910930206628,0.9555103315764667
Exp3,13219,Quick Sort,0.024221099982969462,0.006590191739391111,0.27208474198219157
Exp3,13219,Quick Sort 3-Way,0.025232640001922844,0.0034061685928795434,0.13499057540629825
Exp3,13219,Counting Sort,0.02007590002613142,0.002053602536105051,0.10229192880179805
Exp3,13219,Merge Sort,0.02959644000511617,0.0046103629040582135,0.15577423849832095
Exp3,13219,Sort,0.0005335199879482385,0.0012378836711775954,2.320219858937494
Exp3,14174,Quick Sort,0.0226407099631615,0.0013166831370088382,0.058155558688362766
Exp3,14174,Quick Sort 3-Way,0.025067549967207014,0.001913534860254952,0.0763351369702348
Exp3,14174,Counting Sort,0.020101089973468336,0.001894291079607199,0.09423822698706866
Exp3,14174,Merge Sort,0.028564950020518155,0.0029635402373061957,0.10374743296163619
Exp3,14174,Sort,0.00045285000232979725,0.0005285466590444932,1.167156136303977
Exp3,15199,Quick Sort,0.02368365997681394,0.0010155840684439568,0.042881213015142215
Exp3,15199,Quick Sort 3-Way,0.02692986998008564,0.0014774093366237825,0.054861361667037804
Exp3,15199,Counting Sort,0.019034590024966748,0.002552694842947909,0.13410821244900273
Exp3,15199,Merge Sort,0.029211849998682742,0.002044279101354505,0.06998115838081766
Exp3,15199,Sort,0.0008771300199441609,0.0012679565648890012,1.4455742433370606
Exp3,16297,Quick Sort,0.0233810500241816,0.0018910077556891231,0.08087779435625725
Exp3,16297,Quick Sort 3-Way,0.028037010016851126,0.002338038768489374,0.08339115929566451
Exp3,16297,Counting Sort,0.018470760039053853,0.001871504520679848,0.1013225507084068
Exp3,16297,Merge Sort,0.0332009100005962,0.0017152216401931737,0.05166188638089658
Exp3,16297,Sort,0.0023834399995394046,0.0022097171048662684,0.9271125370444786
Exp3,17475,Quick Sort,0.0274388900375925,0.004003558815322681,0.14590819125109022
Exp3,17475,Quick Sort 3-Way,0.029278210049960764,0.00126108759113726,0.04307256451078539
Exp3,17475,Counting Sort,0.019013560004532335,0.002724404771132294,0.1432874627625162
Exp3,17475,Merge Sort,0.034950120036955926,0.0036783185910456303,0.10524480565892795
Exp3,17475,Sort,0.0011989800026640288,0.00264328892390113,2.204614687507692
Exp3,18738,Quick Sort,0.02871760998386889,0.0023609669760349273,0.08221321263716297
Exp3,18738,Quick Sort 3-Way,0.0330441299942322,0.0029899555226252676,0.09048371142309268
Exp3,18738,Counting Sort,0.018587889987975358,0.001514487935312969,0.08147713034092101
Exp3,18738,Merge Sort,0.03718593000667169,0.0027405264442560842,0.07369794015544036
Exp3,18738,Sort,-0.0007426000316627321,0.0002662350682678573,0.0
Exp3,20092,Quick Sort,0.03214836998376995,0.002095071320430587,0.06516881949188343
Exp3,20092,Quick Sort 3-Way,0.03622594999615103,0.004234711447885533,0.11689718139442766
Exp3,20092,Counting Sort,0.021193099999800322,0.0016679903424008113,0.07870440579323114
Exp3,20092,Merge Sort,0.04153066000435501,0.0026204543346440615,0.06309686227883866
Exp3,20092,Sort,0.0030017100041732185,0.002919044487966857,0.9724605254700044
Exp3,21544,Quick Sort,0.03609337996458635,0.0036653079688646153,0.10155069911604
Exp3,21544,Quick Sort 3-Way,0.036636569991242145,0.002152416781118912,0.058750499340780006
Exp3,21544,Counting Sort,0.02174183001043275,0.0025013713300459013,0.11504879436761423
Exp3,21544,Merge Sort,0.03925860001472757,0.0013313334341840419,0.033911892774694
Exp3,21544,Sort,0.0005835599964484569,0.0017904488133392877,3.068148646644646
Exp3,23101,Quick Sort,0.049021119985263796,0.01463911953322112,0.2986288264654454
Exp3,23101,Quick Sort 3-Way,0.054613159992732106,0.011611862944618277,0.2126202356018875
Exp3,23101,Counting Sort,0.022332349978387355,0.0038403821062555858,0.17196497950158418
Exp3,23101,Merge Sort,0.050659139966592194,0.004227450883596789,0.08344892721006782
Exp3,23101,Sort,0.0020165899768471727,0.0019017167237383437,0.9430358900779489
Exp3,24770,Quick Sort,0.04834580994211137,0.0035662299394971803,0.07376502625082373
Exp3,24770,Quick Sort 3-Way,0.0503955899970606,0.004252916700719144,0.08439065205838849
Exp3,24770,Counting Sort,0.020088829996529965,0.0014296045299595956,0.07116415093395373
Exp3,24770,Merge Sort,0.05076982995960862,0.002527601948242903,0.049785511400251066
Exp3,24770,Sort,0.0032238799962215126,0.0025116418269871834,0.7790742304089809
Exp3,26560,Quick Sort,0.04467630998697132,0.0039541861681791635,0.08850744766817803
Exp3,26560,Quick Sort 3-Way,0.05056839998578653,0.0019237944204812752,0.03804341092504418
Exp3,26560,Counting Sort,0.02454837003024295,0.002283245787521537,0.09301007703194296
Exp3,26560,Merge Sort,0.05555772999068722,0.0038767690932080376,0.06977911253497714
Exp3,26560,Sort,0.005180959997233003,0.0036507300486163436,0.7046435507253656
Exp3,28480,Quick Sort,0.05039170004893094,0.005278664545996291,0.10475265849079601
Exp3,28480,Quick Sort 3-Way,0.057236460014246406,0.004483728114839529,0.07833692219476028
Exp3,28480,Counting Sort,0.023075140034779906,0.0033069328521389556,0.14331149657833475
Exp3,28480,Merge Sort,0.0672707500285469,0.013133633977280772,0.19523543251275488
Exp3,28480,Sort,0.00621932001085952,0.004522294322242799,0.7271364577391815
Exp3,30538,Quick Sort,0.05190992003772408,0.004955485111426313,0.09546316210514394
Exp3,30538,Quick Sort 3-Way,0.06528029002947731,0.010098003032817103,0.15468685920753952
Exp3,30538,Counting Sort,0.022701400017831476,0.003496761269635069,0.15403284673581524
Exp3,30538,Merge Sort,0.06403052003588526,0.003438941443775461,0.05370784809881508
Exp3,30538,Sort,0.003382620005868376,0.0037350361336052464,1.1041843680713403
Exp3,32745,Quick Sort,0.07476880996255203,0.01649789897905365,0.22065215411769462
Exp3,32745,Quick Sort 3-Way,0.06965695000253616,0.009930496984139005,0.14256290267916472
Exp3,32745,Counting Sort,0.02736389994388446,0.005270791373817275,0.19261842736693827
Exp3,32745,Merge Sort,0.075046579958871,0.009463894186885577,0.1261069350804824
Exp3,32745,Sort,0.003848299977835268,0.002856395934181091,0.7422487723495663
Exp3,35111,Quick Sort,0.05663494000909851,0.003562608382011725,0.06290477894810845
Exp3,35111,Quick Sort 3-Way,0.06566475996514784,0.00570978386618901,0.08695354813174569
Exp3,35111,Counting Sort,0.026803289994131774,0.0037548701601772295,0.14008989795653104
Exp3,35111,Merge Sort,0.0788229100056924,0.004824127327707422,0.06120209628595335
Exp3,35111,Sort,0.00872414002660662,0.004521266726137503,0.5182478401709142
Exp3,37649,Quick Sort,0.06826691000023857,0.00589747555981913,0.08638849421774795
Exp3,37649,Quick Sort 3-Way,0.07544858001638205,0.005399142992651161,0.07156056471147439
Exp3,37649,Counting Sort,0.029586910002399235,0.0043641875629051455,0.147503999659013
Exp3,37649,Merge Sort,0.10877752003725619,0.02384465026070076,0.219205680112343
Exp3,37649,Sort,0.00816699001006782,0.002545057347524871,0.3116273369243091
Exp3,40370,Quick Sort,0.07007930002873763,0.005516630855382125,0.07871983386135283
Exp3,40370,Quick Sort 3-Way,0.07805321997730061,0.005737911317448584,0.0735128072758213
Exp3,40370,Counting Sort,0.029190759989432997,0.0035557186354329127,0.12180973146023182
Exp3,40370,Merge Sort,0.09402078998973593,0.005021078827953836,0.05340392086156665
Exp3,40370,Sort,0.006020699976943435,0.0035634185624585806,0.5918611749638524
Exp3,43287,Quick Sort,0.08442115000216291,0.011548782464758281,0.13679963450465193
Exp3,43287,Quick Sort 3-Way,0.07529893000610174,0.0057670732670611095,0.07658904670483077
Exp3,43287,Counting Sort,0.020826260023750365,0.0036247989041835894,0.17404944046842072
Exp3,43287,Merge Sort,0.11053354997420684,0.02694028617895011,0.24372949376218048
Exp3,43287,Sort,-0.0011493900092318626,0.00336192834422192,0.0
Exp3,46415,Quick Sort,0.12965962002053857,0.03660728777026993,0.2823337579153109
Exp3,46415,Quick Sort 3-Way,0.08830882002366705,0.004355176842703075,0.049317574864389244
Exp3,46415,Counting Sort,0.03363541001453996,0.012637870269510923,0.3757311197945204
Exp3,46415,Merge Sort,0.10871624000137672,0.007202992211342264,0.06625497912042441
Exp3,46415,Sort,0.004671630030497908,0.0040261164045190005,0.8618226139987999
Exp3,49770,Quick Sort,0.0953807900310494,0.01120627659462174,0.11748986972087094
Exp3,49770,Quick Sort 3-Way,0.10371457003057002,0.015621949751702143,0.15062444695183666
Exp3,49770,Counting Sort,0.03026298000477255,0.0029603037620381323,0.09781930799846165
Exp3,49770,Merge Sort,0.13986471001990136,0.036499900969902334,0.2609657644498656
Exp3,49770,Sort,0.013060319994110614,0.0061160204230842055,0.4682902429528639
Exp3,53366,Quick Sort,0.10223107999190688,0.007771185282540408,0.07601587778546029
Exp3,53366,Quick Sort 3-Way,0.103274259949103,0.007606635539319487,0.0736547087635224
Exp3,53366,Counting Sort,0.03152245001401752,0.007183044037769634,0.22787074083947956
Exp3,53366,Merge Sort,0.11814126998651775,0.0028189022370595693,0.023860436216584277
Exp3,53366,Sort,0.01090241998899728,0.0036532008024479407,0.3350816429870387
Exp3,57223,Quick Sort,0.10175865003839135,0.007738060618066044,0.07604327116315557
Exp3,57223,Quick Sort 3-Way,0.09965348002733664,0.003777437106052101,0.03790572195788733
Exp3,57223,Counting Sort,0.026393650029785932,0.006746568795508992,0.2556133307782482
Exp3,57223,Merge Sort,0.15331352001521736,0.0582224007327205,0.3797603807344685
Exp3,57223,Sort,0.0011555200093425837,0.0049013890734230705,4.241717178235317
Exp3,61359,Quick Sort,0.13393847999395803,0.005962224708705104,0.04451465112172439
Exp3,61359,Quick Sort 3-Way,0.14415688998997211,0.017569596828030793,0.12187830099035138
Exp3,61359,Counting Sort,0.039425359945744275,0.005917529430460673,0.15009449345812337
Exp3,61359,Merge Sort,0.1444235500181094,0.004084261125956671,0.028279744719227177
Exp3,61359,Sort,0.011757830018177626,0.0030598992558412462,0.2602435356788316
Exp3,65793,Quick Sort,0.12167489002458749,0.007805486272948085,0.06415034582213955
Exp3,65793,Quick Sort 3-Way,0.12643464002758262,0.005905480274876686,0.046707771490379246
Exp3,65793,Counting Sort,0.03632655002875254,0.009287245991371885,0.2556600058090022
Exp3,65793,Merge Sort,0.16927311001345516,0.033188405023777956,0.19606424801399278
Exp3,65793,Sort,0.010717500036116689,0.003642249887083629,0.3398413692381324
Exp3,70548,Quick Sort,0.12905482001369822,0.00622579590640503,0.04824148300500677
Exp3,70548,Quick Sort 3-Way,0.15211506997002291,0.02178142676438077,0.14319045949012943
Exp3,70548,Counting Sort,0.0408803799888119,0.0076103422674170685,0.18616124090578068
Exp3,70548,Merge Sort,0.16986081001814457,0.006277811113436031,0.03695856102867656
Exp3,70548,Sort,0.011777049989905208,0.004100951929654334,0.34821554915445696
Exp3,75646,Quick Sort,0.13399533000774683,0.005585088956722204,0.04168122095299371
Exp3,75646,Quick Sort 3-Way,0.14775736001320183,0.007640896155562588,0.05171245719928868
Exp3,75646,Counting Sort,0.03775874003767967,0.00417713159725228,0.11062687984514039
Exp3,75646,Merge Sort,0.17924358000745996,0.011610513137164566,0.06477505714113357
Exp3,75646,Sort,0.016992380004376174,0.005863212108849431,0.3450494932045678
Exp3,81113,Quick Sort,0.16011606000829487,0.02133203023113634,0.13322854827948694
Exp3,81113,Quick Sort 3-Way,0.20202185002854095,0.029639610174741877,0.14671487351766405
Exp3,81113,Counting Sort,0.04905880999285728,0.007576388338170724,0.15443481689168181
Exp3,81113,Merge Sort,0.20171951999654994,0.01314677295442678,0.06517352884168885
Exp3,81113,Sort,0.0211707400274463,0.004656868743885799,0.21996721597112398
Exp3,86974,Quick Sort,0.16529219998046757,0.008839514597283908,0.05347811087473254
Exp3,86974,Quick Sort 3-Way,0.17179241999983788,0.010663979990312126,0.06207479928580196
Exp3,86974,Counting Sort,0.04545950001338497,0.009732431171415274,0.21409014988175595
Exp3,86974,Merge Sort,0.2174167599994689,0.024220633171405836,0.11140186787561823
Exp3,86974,Sort,0.029706210002768785,0.010873221028231411,0.3660251855493503
Exp3,93260,Quick Sort,0.18488747003721073,0.018839693143095956,0.10189816075315569
Exp3,93260,Quick Sort 3-Way,0.18077547003049405,0.007149858281968713,0.039551042410580606
Exp3,93260,Counting Sort,0.03876133000012487,0.004692124364357725,0.12105168641898019
Exp3,93260,Merge Sort,0.2307884200010449,0.01755942429358021,0.07608451192438818
Exp3,93260,Sort,0.016601740033365786,0.009753889519859399,0.5875221211906861
Exp3,100000,Quick Sort,0.2077180399908684,0.021178545554679507,0.10195814266113115
Exp3,100000,Quick Sort 3-Way,0.22273852000944316,0.01975739929927928,0.08870221144704406
Exp3,100000,Counting Sort,0.043469660019036384,0.004432796794874129,0.1019744988328159
Exp3,100000,Merge Sort,0.2363168300478719,0.007214497988137029,0.03052892164589188
Exp3,100000,Sort,0.031095760024618356,0.014302820494907555,0.4599604731829704
